,Place Name,Author,Review,Rating,place_id
0,Jogja Festival Resto And Fun Cafe,Smart Brain,"Konsep tempat makan bernuansa old school tp tetap elagan. Tempatnya luas, parkiran juga luas karena masih satu area dengan SKE. Pelayanan bagus. Rasa makanan juga oke. Harga tergolong standar untuk tempat makan di area tempat wisata. Cocok untuk makan bersama keluarga dan meeting. Ada ruang VIP dan juga ada karaoke nya di lantai bawah restonya. Tingkatkan lagi untuk mencapai level yg lebih bagus.",3,ChIJCROHI2hYei4RuiDYVsDvDtg
1,Jogja Festival Resto And Fun Cafe,medfucker,"Tempatnya bagus,cocok buat bikin acara bukber atau syawalan",5,ChIJd5Q4fDBYei4RG6uDmHe8xXs
2,Jogja Festival Resto And Fun Cafe,rizal pahlevi,"pernah mau makan malam bersama keluarga disana
tapi ternyata di dalam isinya mesum banyak penyanyi dangdut yang sudah semi bugil, tidak pantas sekali dilihat anak kecil
langsung kami cabut keluar, padahal berada dalam kawasan edukasi wisata keluarga
sangat disayangkan sekali.
NOT RECOMENDED LAH,,
RESTO DANGDUT DESO",1,ChIJI_Wmq3FZei4R7SYDsvUHPAM
3,Jogja Festival Resto And Fun Cafe,Andri Patra,"1. Tempat yang asik buat nongrong.
2. Parkirannya Luas.
3. Masakannya enak dan Murah.
4. Karyawannya ramah dan bersahabat.
5. Pelayanannya memuaskan.
6. Alunan musik live-nya sangat enak didengar.
Sangat cocok untuk keluarga karena berada dalam kawasan wisata Edukasi.",5,ChIJBxNPyfRXei4RQJmFD9PILdY
4,Jogja Festival Resto And Fun Cafe,Wahono Blangkon,"Tempat oke banget, menunya komplit cocok untuk ultah dan yang paling kusuka setiap harinya ada LIVE MUSIC, karena waktu aku menyelenggarakan Reuni jadi efisien pengeluaran biaya hiburan alias GRATIS",5,ChIJzfDAL5JXei4RB_2bokRgwJ0
5,Roaster And Bear Restaurant,Andika Satrioaji,"1. Lokasi strategis karena terletak di selatan tugu dan mengarah ke malioboro.
2. Chef dan hotel hotel harper by aston, biasanya hotel dan chef aston kualitas bintang 5
3. Reservasi dan pelayanan dine in istimewa, cepat dan ramah.
4. Penataan meja kursi, live music, ac, benar benar memanjakan pelanggan.
5. Bisa memilih smoking room atau non smoking room saat reservasi.
6. Menu bisa dipilih melalui scan bar code sekaligus pemesanan melalui local link tersebut sehingga efisien dan tidak merepotkan pelanggan ataupun pramusaji.
7. Menu makanan dan minuman dibagi menjadi beberapa sub menu sehingga pelanggan mudah memilih makanan dan minuman sesuai selera.
8. Disini saya dan istri memilih butter norwegian salmon dan back ribs, salmon sendiri merupakan menu andalan chef dan saya baru pernah merasakan hidangan salmon selezat ini dari semua resto hotel bintang 5 yang pernah saya kunjungi ğŸ˜Š
9. Selain makanan utama, kami memesan dessert Panacota & Tiramisu yang gak kalah luar biasa lezatnya seperti menu sebelumnya.
10. Suatu saat akan reorder kembali ke Roaster & Bear ini.",5,ChIJodYTqNJZei4R_qUnGfLotzw
6,Roaster And Bear Restaurant,Ratu Arum,"Sebenarnya sudah sering ke sini sejak kuliah. Sejak pertama kali dia buka. Tempatnya asik banget dan dulu harganya masih terjangkau anak kuliah.
Sekarang juga masih terjangkau sih, buat orang jogja yang duitnya turah-turah ğŸ˜‚
Sekali makan minum seorang minimal 100K lah. Kmrn ada menu package juga sih.

Tapi soal cita rasa makan dan minum masih terjaga, enak dan konsisten dari dulu sampai sekarang. Selalu jadi tempat pilihan kalau mau ketemu tamu yg stay nya dekat malioboro.

Skrg sdg renovasi, lantai atas sudah ready dan cukup kaget karena konsep nya berubah dratis. Banyak bunga2nya skrg. Mejanya besar2 dan sofa yg besar2 juga. Padahal dulu sudah cukup menarik, menurut saya.

Pelayanan tetap baik ramah dan tanggap. bisa pesan lewat  barcode juga jadi ga perlu repot panggil2 server. Ya semoga segera cepat selesai renovasi dan semakin ramai.

Boneka beruang besarnya jgan dihilangkan ya, kalau perlu di tambah, krna sprti nya itu poin menarik dri tempat ini. ğŸ˜„",5,ChIJJfyKmRdYei4R-MR1ehmXhmo
7,Roaster And Bear Restaurant,Selvy H,"Roaster and bear setelah direnovasi lebih nyaman dan instagramable. banyak spot2 foto yg lucu. Untuk menu makanan selalu berinovasi sehingga membuat para pelanggan tidak bosan untuk datang terus ke cafe ini. Menu makanan lengkap dr menu asia sampai menu eropa semua disajikan dengan tampilan yg cantik dan rasa yg enak ,menu sehat atau menu diet juga ada loh disini.chef di cafe ini sangat ramah selalu memberikan service yang sangat baik untuk para pelanggan nya.untuk harga standar yaa.. dilantai bawah terdapat toko kue dan camilan yg juga sangat rekomended jd kl ingin sekedar ngopi dan makan snack juga bisa loh.atau untuk oleh2 orang dirumah.lokasi cafe ini berada dibagian depan hotel harper yogyakarta. Jd untuk yg menginap dihotel harper harus coba cafe yg satu ini yaa.",5,ChIJjf3V6rxXei4R0lNHoFphUss
8,Roaster And Bear Restaurant,Aries Danni Susilo,"Restoran yang bernuansa cafe yang cute dan dengan icon beruang sesuai namanya. Ada area makan outdoor (smoking area) dan indoor. Restoranya juga enak untuk bekerja. Pelayanannya cukup responsif. Sayang makanan yang saya pesan rasanya agak kurang. Saya pesan Truffle French Fries tapi rasa trufflenya hampir ga berasa. Hazelnut Lattenya juga kurang tajam rasa hazelnutnya. Semoga bisa diperbaiki lagi ke depannya, karena secara ambiance sudah oke banget..",4,
9,Roaster And Bear Restaurant,Melisa Oktavia Dewi,"Tempat bagus, kirain boneka beruangnya kayak yg di surabaya, ternyata di sini cuma ada 2 doang hehe. Untuk makanan kurang cocok di lidah saya, entah kenapa rasa french fries nya begitu, untuk spaghettinya lumayan lah ya, angel hairnya jg lumayan, entah tp kurang cocok sm saya hehe.  Kemarin pas datang untuk ada parkir krn ada yg barusan pulang, ada sih 1 kosong tp ada tulisan buat disable, mungkin yg pakai pajero kemarin yg parkir di situ disable ya. Kalau saya pribadi kemungkinan tidak kembali ke sana hehe. Terimakasih",4,ChIJ4xIBDHdXei4RK03gVuROha8
10,Kalluna - Instagrammable Restaurant & Meeting Room,Agatha Elma,"This place's been popular since their first launch, but I just got the chance to come last week because my friend recommended this place.

Dari luar tuh kayak nggak luas, tapi begitu masuk, it's spacious enough! Ketika itu kan rame musim liburan akhir tahun, tapi nggak berasa sumpek. Ada indoor area, ada private area di lantai 2, dan ada outdoor area yg cukup luas juga. Tema interiornya eye-pleasing and calming ğŸ«¶ğŸ»

Satu hal yg penting buatku adalah indoor area-nya adem AC âœ¨

Buat menu, aku pilih chicken waffle yang ternyata enak banget ğŸ˜­ Waffle-nya lembuutt, berasa caramel ada after-taste that reminds me of popcorn XXI. Terus ayamnya boneless, krispinya pas. Match banget sama saos lemonnya.

Minumnya aku pesen es kunir asem, which doesn't really suit my tastebud soalnya too watery, kurang kental gitu kunir asemnya. Bisa coba menu minuman lain yg looks good! Ada banyaaakk pilihan.

Temenku pesen burger dan porsinya guede, rasanya enak. Terus temenku yg satunya pesen nasi goreng gila, looks good dan dia doyan. Aku gak nyobain.

Habis itu, kami pesen waffle yg sweet pake ice cream sama nuts karena kami suka bgt waffle yg di chicken waffle tadi, jd sweet waffle ini pun kami suka. Selain itu, kami juga pesan fritters isinya kentang, dori, sosis, salad. Enak buat penutup sambil ngobrol nunggu hujan reda.

Kami di sana kurang lebih 3 jam san selaluuuu ada orang dateng silih-berganti, tp selalu ada available space. You can reserve too.

For the price, it's reasonable and worth the taste; except for the kunir asem ğŸ˜¬âœŒğŸ» My recommended menu is the chicken waffle.

Oh iya, parking area buat mobil sebenernya kurang; jd harus parkir di bahu jalan--paralel gitu. Kalo pas lg rame, bisa dapet yg agak jauh, tp masih oke. Parkiran motornya cukup luas.

I want to go there again to taste different dishes!",5,ChIJ1T2RU6JXei4R2MgsNDzkoJY
11,Kalluna - Instagrammable Restaurant & Meeting Room,Ganang Restu Bariadi,"TLDR: Menu makanannya biasa saja dan menurut saya overpriced. Rasa makanan maupun minumannya juga biasa saja. Toilet hanya ada satu dan itu unisex. Jadi menurut saya, tempat ini bagus jika kamu ingin mencari tempat nongkrong yang instagramable untuk keperluan foto-foto lalu upload di instagram untuk panjat sosial. Namun jika kamu mencari tempat makan yang memang beneran ingin makan enak dan harganya sesuai, saya tidak menyarankan di sini.

Meskipun saya sudah tinggal di Jogja sedari tahun 2019, namun saya baru pertama kali ke sini pada tanggal 7 Mei 2022 kemarin. Sebetulnya saya sudah tahu tempat ini sedari lama karena cukup hype di instagram banyak orang yang mengunggah foto mereka di sini. Namun karena satu dan lain hal jadi belum pernah sempat ke sini dan baru kemarin jadi.

Lokasinya berada di samping SMA 3 Yogyakarta. Masuk gang gitu. Beberapa mobil yang tidak bisa parkir di halaman Kalluna mesti parkir di bahu jalan gang tersebut.

Tempatnya saya akui bagus. Sangat instagramable. Banyak spot foto yang menarik. Bahkan meskipun sedang duduk makan di dalam pun menurut saya tempatnya cukup bagus untuk menjadi background foto.

Kebanyakan tempat duduknya berada di ruangan non smoking. Untuk ruang merokoknya ada di bagian depan.

Tempat ini memiliki dua lantai namun ketika saya datang di lantai dua sedang ada reservasi sehingga saya tidak sempat untuk melihat ke atas. Mungkin lain waktu coba saya lihat.

Toilet di lantai satu hanya ada satu buah dan itu unisex bisa dipakai baik untuk laki-laki maupun perempuan.

Terdapat beberapa produk jajanan, camilan, dan produk home industri yang ditampilkan di rak bagian depan tepat setelah kasir.

Untuk menu makanannya sebetulnya cukup beragam. Saya sendiri mencoba nasi bebek dan bebeknya masih agak alot sampai-sampai saya harus meminjam pisau untuk memotongnya. Rasa bebeknya juga biasa saja. Kurang asin dan kurang berbumbu menurut saya. Saya juga mencoba minuman Jokowi dan menurut saya kurang manis. Rasa jamunya juga kurang tebal. Harganya juga menurut saya terlalu overpriced.

Mungkin itu saja.",3,ChIJy1axFiZYei4RwcUhLj7ow3o
12,Kalluna - Instagrammable Restaurant & Meeting Room,Anyakra Kusuma,"lokasi tepat ditengah kota Jogja, strategis dekat dengan manapun, suasana sekitar restoran juga sepi..

parkiran mobil bisa di depan restoran maupun di pinggir jalan dekat restoran, parkir motor pun juga ada dan cukupan.

interior restoran sangat bagus dan â€œinstagrammableâ€ jika ingin mengabadikan foto untuk sosial media yaa, area indoor sangat luas, terdapat 2 lantai juga. Ada area semi outdoor juga âœ¨

utk pelayanan cepat dan ramah, banyak varian menu yg bisa dipilih melalui google drive di bio instagram Kalluna

harga makanan menurut saya bisa dibilang cukup merogoh kocek utk area Jogja dibanding dgn restoran lainnya, rasa makanan juga 50/50 menurut saya pribadi, ada yg enak ada yg biasa saja..

rekomendasi saya mungkin bisa coba signature dish nya yaitu beef stroganoff & peri peri chicken nya ğŸ‘ŒğŸ¼ bagi pecinta gurih dan manis cocok di mulut hehe âœ¨

saran jika ingin hemat dan mengejar foto2nya bisa cobain sweets dan desert nya saja sih hehe

jika ingin mengejar konten atau tempatnya cocok sih kesini tp klo utk rasa mungkin perlu berpikir 2x âœŒğŸ¼

oiya dan lagi musholla waktu saya kesini sedang renovasi jadi semoga kedepan sudah ada ya musholla nya ğŸ‘ğŸ¼",4,ChIJ38IqyaNXei4R-Nkurx7opBA
13,Kalluna - Instagrammable Restaurant & Meeting Room,Hafizh Izzuddin,"Tempatnya bagus, banyak spot menarik yang bisa dipakai untuk foto OOTD atau foto untuk keperluan media sosial. Staffnya banyak, tapi mungkin kurang ""grapyak"" kalau istilah bahasa jawanya.
Menu makanan & minuman dapat diakses melalui QR Code, tapi berhubung jaringan kurang mendukung, sampai 15 menit lebih belum bisa lihat menu dan staff tidak ada yang menghampiri(biasanya kalau di tempat lain, umumnya kalau lama nggak pesan menu, staff langsung datang kroscek). AC di dekat tempat duduk juga tidak langsung dinyalakan atau ditawarkan untuk dinyalakan, padahal hawanya pengap.
House Iced Coffeenya standar, tapi kurang terasa notes biji kopi yang dipakai(biasanya kalau coffee shop mid to high pakai biji kopi robusta+arabica, ratio masing-masing).
Thumbs up buat pak parkir yang sangat membantu dalam hal parkir kendaraan. ğŸ‘ğŸ»",3,ChIJG7Ju9yZZei4Rh62lxIUyeJ8
14,Kalluna - Instagrammable Restaurant & Meeting Room,Windy Rizki,"Visited on January 2022.
Well gak bintang 5 juga sebenernya sih, klo ada 4.7 aku kasih angka segitu tp lagi baik deh jadi dibuletin keatas wkwk.
Tempat makannya memang cantik dan instagramable, good for your social media but not really for your wallet haha. Tadinya ngira tempatnya lebih gede sih cuman ya gak sempit2 juga, vibesnya bohemian gitu yaa bagus dan menyenangkan. Makanannya kirain akan B aja tapi ternyata good enough, quesadillas vegetariannya enak sekali, dan di serve dengan kentang kecil yang dipenyet dan dikasih mecin enak deh. Pizzanya juga yah mayan enak buat tempat yang bukan spesialis di Pizza yah,

What could be improve:
- Staffnya (terutama yg cewek) coba ramahan dikit deh gak yg diem2 agak kaya jutek gitu, helpful sih iya kaya dipanggil dateng gitu cuman mbok ya agak ramah gitu nyapa or bantu jelasin dengan enak n ramah kalo pengunjung nanya menu ini itu, hey kita bayar ada tax dan servis kan? aku tdnya berharap mendapat pelayanan ramah khas mba2 jowo ngono..kalo yang cowok malah lebih ramah sih.
- Mushollanya seadanya bgt?! agak kaget sih karena tmpt makannya secantik ini tapi mushollaya kaya di garasi begitu dan wudhunya seadanya keran dan selang hehe tapi kalau ownernya bukan muslim ya saya gak bisa menyalahkan juga sih just wondering.
- Kunyit asamnya sachetan ya? gak kentel kaya jamu buatan sendiri gitu huhu agak kecewa.

Overall tapi emg kalluna bagus2 aja kok dan dengan tempat cantik gini makanannya juga oke. Cocok sekali bwt girls meetup hehe.",5,ChIJA-nXIPtZei4ROEn4CHq887E
15,Secret Garden Coffee and Chocolate,Aditia Noor Fajar Dewantara,Tempatnya bagus terletak belakang sma teladan gak jauh dari pusat kota. Sangat cocok untuk kumpul anak muda maupun kumpul keluarga. Oh kayaknya juga biasa buat acara nikahan. Suanya daper. Meskipun tengah kota tapi tetap terkesan rindang karena banyak pohon hijau dan ada airmancur. Cocok untuk anak juga biasa bermain main. Kurang kasih wahana untuk anak sih ayunan atau apa biar anak betah gak lari2 l. Hehe. Malam hari juga oke. Menu lumayan lengkap. Enak. Harga juga masih terjangkau. Mantap pokoknya. Kebersihan bersih dan terta rapi bikin nyaman dan betah. Parkiran luas motor mobil biaa masuk.,5,ChIJRxONwS5Yei4RcwWqzjnGrzQ
16,Secret Garden Coffee and Chocolate,Putut Prianggono,"Tempat makan santai dan nyaman outdoor ataupun indoor
Luas tempat pilihan duduk dan parkiran
Harga menengah
Masakan baik
Suasana dan penataan bagus
Bisa untuk acara ultah ataupun lainnya
Sudah beberapa kali kesin dan tetap bagus",5,ChIJG5Y1YEpXei4R75Tm0vT5G84
17,Secret Garden Coffee and Chocolate,caroline Novel,"Restoran andalan keluarga untuk event apapun dari ultah, pernikahan, peringatan kematian atau cuma sekadar kongkow.

Restoran ini menyediakan menu masakan Indonesia dan internasional. Rasanya lumayan. Harga sangat miring.

Di sini ada tempat duduk indoor maupun outdoor. Tempatnya bagus buat foto foto juga. Tapi paling ok menejernya yaaa Kak Diaz yang manjahh..",5,ChIJszORIKNXei4RjDQbK97emDk
18,Secret Garden Coffee and Chocolate,Budi Wijayarto,"Suasana sangat menyenangkan dengan banyak spot yang Instagram able.
Harga makanan dan minuman normal.
Poin plus nya adalah pelayanan sangat ramah dan sigap. Karyawan sangat ramah dan helpful.
Oiya, di sini juga melayani acara wedding, casual dinner atau sekadar kumpul kumpul untuk rapat/meeting.",5,ChIJgcTwSjJYei4RjTeFmZqkQyg
19,Secret Garden Coffee and Chocolate,Kumala Sari,"... tempat makan dan nongkrong yang nyaman, luas dan alam terbuka
... pilihan menu banyak makanan dan minuman, rasa biasa saja
... pelayanan ramah dan cepat
... parkir luas
... ada mushola yang luas, kmr mandi juga bersih",4,ChIJ12iZq5ZXei4RgQuh1QR2C3c
20,Water castle cafe,Liliana Kusumawati,"Lokasinya persis  di belakang pasar ngasem dan taman sari. Tempatnya asik, nuansa seni yang kental serta pemiliknya yang super duper ramah. Yoghurt nya enaak banget, dia pake pemanis asli dari frozen banana jadi manisnya light banget. Sangat cocok untuk jadi tempat singgah setelah kalian menjelajah taman sari atau pasar ngasem.",5,ChIJv7fD-TZXei4RErtmZlGHMoU
21,Water castle cafe,Kneaaa,di belakang taman sari pass tempatnya. aneka juice nya bnyk pilihaann buah aslii. enakk. buat ngadem sejuk bgt tmpatnya krn byk tanaman,3,
22,Water castle cafe,Enni Sera,"Suasana menghibur kenangan masa kecil bagus untuk berfoto suasana teringat masa kecil, tataan rumah apa ada nya tapi ada nilai artistik, kopi susu nya enak",5,
23,Water castle cafe,Afnan Abdillah,"Kafe homey banget,,, pemilik ramah khas asli jogja. Meski siang, tp ademm disiniii,,, ğŸ•ºğŸ» rekomendasi ajak tmn atau kliarga yang ingin nyante dan merasakan hawa hawa jogja. Apalagi deket banget sama pasar ngasem, tmbah terasa jogjane.",5,
24,Water castle cafe,retno maryunani,"Suasana yg hommy, nyaman,.makanannya juga lumayan... hanya jajan pasarnya yg kurang enak, hehehee.... selebihnya oke kok...",4,
25,DOUBLE O Resto and Cafe,Amiria Hitamii,"Recommended chicken cordon bleunya enak banget dan murah banget, nasgornya juga enak, kalau beef steak nya agak alot dan kurang berbumbu.
Pesen susu caramellnya juga pas.
Ada musholla dan toilet  jadi ga worry kalau mau nongki agak lama. Tempatnya asik buat ramean atau sendirian, staff ramah, pilihan makanan dan minumannya cukup banyak dengan harga mahasiswa.

Kalau boleh kasih nilai 8/10 untuk kebersihan geges bisa ditingkatkan.",5,
26,DOUBLE O Resto and Cafe,Brank Yudi,"Tempat makan dan ngopi)cafe &eatery. Menunya lengkap dan kopinya lumayan. Suasananya masuk dan petugas dan layanan OK, harganya relatif terjangkau dan worth it. Enaknya pake kendaraan roda 2.
â Parkir utk Roda 4 terbatasdan masuk dari jalan utama.",4,
27,DOUBLE O Resto and Cafe,natha nael,"cafe yang cukup cozy dan affordable, makanan dan minuman yang disajikannya pun enak dan menyegarkan
kebetulan saya waktu kesini sedang konsultasi ke dokter di RS Ludira Husada Tama, jadi lokasinya yang deket sama RS menjadi nilai plus
Untuk porsi makanannya menurut saya cukup pas untuk mengisi perut, namun minumannya menurut saya kurang karna gelas yang digunakan kecil dan ramping, jadi rasanya kalau minum 1 gelas saja itu kurang",5,
28,DOUBLE O Resto and Cafe,Desma,"Makan disni enak-enak, koki baik sekali, semoga Semakin sukses kedepan nya, makin rame, makin dikenal banyak orang. Tempat nongkrong anak muda yang murah menu lengkap ya di doubel O ,sukses selalu. Yang bingung cari tempat nongkrong kesni aja #cafejogjakarta #yogyakarta",5,
29,DOUBLE O Resto and Cafe,Nuri Lathifah,Vibes nya njawani disini. Makanannya enak2 saladnyaa mbeuhhhh numero unoo wuenak poll.. sebanding deh pokoknya sama harganya. Kalo ke jogja wajib sih mampir kesini. Harga makanan minuman mulai 20k ke atas yaaaa. Tapi rasa nampollllsss,5,
30,Lecker Rumah Kopi & Resto,faisal Hrd,"Buka siang sampai malam. Tempatnya nyaman dan luas. Makanan dan minuman beragam. Harga standar resto cafe. Bayarnya bisa tunai dan non tunai. Staf nya ramah2. Ada lantai atas yg sebenernya instagramable cocok buat poto2. Area smoking juga ada di balkon atas. Ada wifi tapi gak bisa diandelin, sering rto jaringan kurang bagus. Kamar mandi bersih luas. Parkir mudah buat motor dan mobil. Masing bisa lah buat nyante2 gak terlalu rame.",4,
31,Lecker Rumah Kopi & Resto,andhy kurniawan,"Sudah berubah banget dari lecker dulu, skrg tempatnya lebih bagus dan nyaman. Ada mushola juga, toilet cowo dan cewe sebelahan. Tadi pas ke toilet cowo kayaknya bagian atasnya ada yg bocor jd bagian lantai toilet basah banget dan bagian tempat duduk toilet juga basah. Ada 2 lantai, bisa pilih dimana aja masih tetap nyaman. Tadi pesan nasi kebuli, rasanya enak, porsinya mengenyangkan tp harganya lumayan. Kisaran harinya makanan berat kayaknya 49 keatas. Pelayanan ramah dan murah senyum. Untuk kamu yg mau nongkrong dan dompet masih tebel, boleh lah main sekali2 kesini (kunjungan tanggal 13 agustus 2019)",4,
32,Lecker Rumah Kopi & Resto,Amiera Zaa,"Tempatnya nyaman, bersih, makanannya jg enak .... salad ma nasi kebuli nya favorit banget, cm pelayanannya aj yg krng ramah ....",4,
33,Lecker Rumah Kopi & Resto,Debora Yunita,"Lebih enak nongkrong malam di sini, tetapi tidak disarankan order makanan berat, nasinya sudah habis kalau datangnya malamğŸ˜„ğŸ˜„, untuk fruit punch dan capucino enak juga. Makanan ringannya so so lah dengan tempat lain. Overall enak klo nyari tempat nyantai yg ga terlalu ramai.",4,
34,Lecker Rumah Kopi & Resto,anang atmojo,"Nice place, cozy, luas, bisa utk acara keluarga, meeting, dinner, lunch, ngajak yg terkasih.... bisa pilih lt.1 apa 2, apa balkon... menu variatif. Kopinya juara. ....",5,
35,POENOKAWAN CAFE RESTO & GALLERY,ayu lumintang,"Tempat sangat nyaman untuk nongkrong, dengan suasana yang sangat tenang.
Dan lagi instagramable untuk yang suka foto2 konsep jawa.
Untuk harga menu makanan juga tidak terlalu mahal. Pelayan sangat ramah, anw untuk kopi poenakawannya rekomended buat pencinta kopi ya.",5,
36,POENOKAWAN CAFE RESTO & GALLERY,Lina Maharani,"Tempatnya jadi satu kompleks dengan perkantoran dan masjid. Jadi agak susah nemuin kalo baru pertama.

MenuÂ²nya masakan Indonesia khususnya jawa. Harganya cukup mahal untuk makanan dan minuman Jawa ya.

Kemarin pesan kopi jahe, nasi campur, nasi goreng sm jagung bakar. Overall enak cuma nasinya tuh kurang pas. Yang untuk nasi goreng nasinya ada yg terlalu empuk jadinya lengket ngga blend. Sedangkan nasi campur nya juga nasinya terlalu empuk jadi agak susah mau makannya. Lauknya juga rada bingung match nya gimana kaya kurang nyambung gitu satu dgn yg lainnya.

Semoga lain waktu diperbaiki.",3,
37,POENOKAWAN CAFE RESTO & GALLERY,Sutrisno Muhamad Noor,"Bangunan restorannya dibangun sejak zaman Belanda, pemiliknya adalah Putri dari Sri Sultan. Ketika saya datang, hari Sabtu kemarin, sedang ada gallery sejarah Jogjakarta dan live band dimulai jam 20:30.

Makanannya cocok, ambience-nya saya suka, jika boleh memberikan saran, tambahkan lagi menu makanan lokal yang menunjukkan ciri khas Jogjakarta.",5,
38,POENOKAWAN CAFE RESTO & GALLERY,ilsya,"(+) Samping masjid, Suasanya dsni lebih tenang, karena pilihan room atau mejanya nya banyak dah luas, servicenya bagus banget, baik dan ramah.
Foodnya so so, tapi worth it, ada paketan menu juga.",5,
39,POENOKAWAN CAFE RESTO & GALLERY,Alifia Afianti,"Suka makan disini. Tempatnya bagus banget, ada banyak pilihan duduk mau indoor atau outdoor, rasa makanan & minumannya enak-enak, pelayanan staffnya juga baik~",5,
40,Kebon Ndalem Coffee & Eatery,Ika Hapsari,"Cafe dengan lokasi paling strategis dengan sajian view Tugu Jogja.
1. Lokasi : sangat mudah diakses karena terletak tepat di perempatan Tugu Jogja, parkir kendaraan tersedia
2. Vibes & Ambiance : terdapat ruang indoor berpendingin dan ruang outdoor dengan view langsung Tugu Jogja. Outdoor di siang hari cukup terik, sehingga outdoor cocok untuk nongkrong di malam hari.
3. Interior & eksterior : banyak meja dan bangku, di outdoor lantai bawah juga banyak meja dengan bangku panjang yg cocok digunakan beramai-ramai, sedang outdoor atas banyak bangku tinggi dengan meja panjang untuk nongkrong menyaksikan suasana Tugu Jogja. Interior lebih ke modern Javanese vintage. Cukup menarik dan instagrammable
4. Makanan & minuman : untuk tampilan cukup menarik, rasa cukup enak, untuk harga terjangkau (standar cafe). Range harga dari 20-100ribu, tergantung menu. Menu cukup variatif dari camilan sampai makanan berat, mostly comfort food
5. Di lantai bawah tersapat display kaos khas Jogja yg bisa dibeli untuk oleh-oleh
6. Pelayanan & kebersihan : cukup baik, meskipun kami harus meunggu setengah jam untuk seporsi kentang goreng di jam kunjungan pagi dan belum padat pengunjung. Semoga kecepatan service bisa ditingkatkan lagi
7. Cocok untuk semua range usia",4,
41,Kebon Ndalem Coffee & Eatery,Filipus Willy,"Santai di jogja di tengah bisnis, kegiatan seminar, kegiatan lainnya bolehlah kesini santai sejenak lepas mumet, boleh juga ngerenungin nasib, kalau mau nyerah sama kehidupan bisa langsung terjun bebas walau tidak disarankan.
Suasana malam mungkin bisa lebih enjoy? Tapi saya belum coba si. Nyantai di balkon lantai 2 anginnya kenceng, kalo kelamaan awas masuk angin, kalau bertemu dengan perokok mungkin bisa tertolong sama angin kencangnya.
Soal rasa memang relatif tapi menurut saya makanannya nikmat, dagingnya lembut, minumannya juga seger, benar2 mantap posisi untuk santai pas di seberang tugu cuma belum kesampaian aja buat nyicipin kopinya gimana? Mungkin enak juga kalo diukur dari makanan yg disajikan, parkiran baik motor maupun mobil jg tersedia, petugas ramah semua. Indoor pakai AC dan berasa dinginnya  jadi bukan AC formalitas, AC nya juga ga dingin lebay kok. Bagi yang suka jalan kaki mungkin nikmat juga kalau memang ada waktunya.
Cocok bgt buat makan sambil menikmati suasana perkotaan jogja. Bau2an ga jelas juga ga ada. Good service, good quality, equal price, hope can be there again! Thanks Kebon Ndalem Cofee & Eatery! You are amazing!",5,
42,Kebon Ndalem Coffee & Eatery,M n Rizal,"Tempat yg sangat strategis. Tepat berada di samping Tugu Jogja.
Rasa makanan enak hanya memang menurut saya belum WOW.
Parkir cukup mudah diakses, saran saya apabila ke sini datang sebelum pukul 18.30 dan bisa reservasi. Disarankan melakukan reservasi untuk dapat tempat paling nyaman untuk menikmati keramaian di Tugu Jogja.

Pelayanan cukup cepat dan ramah, dan harga terhitung murah untuk lokasi yg ditawarkan. Sensasinya luar biasa untuk seorang yg ingin menikmati suasana Jogja, mungkin tidak sama untuk semua orang.

Rasa makanan bukan yg sangat enak atau WOW tapi sudah terhitung enak. Pun yg dicari dari restoran ini adalah suasana dan pemandangannya menurut saya bukan hanya soal rasa makanan.",5,
43,Kebon Ndalem Coffee & Eatery,Ratna Sari,"Tempatnya ramai, tapi cukup fast moving, jadi sabar aja kalau memang niat berkuliner ria dan menikmati view Tugu Yogya yang indah.

Makanan dan minumannya enak, saya pesan Sop Buntut, Teh Panas dan Kopi Boss (kopinya enak sekali), penyajian juga cepat, pelayannya cekatan.

Tersedia musholla walau kecil, hanya cukup untuk 1 orang. Toilet juga ada di lantai 2.",5,
44,Kebon Ndalem Coffee & Eatery,Ika Shaliha Oktavia,"Lebih enak reservasi terlebih dahulu jika ingin makan disini, terutama pada waktu makan malam. Karena pada jam-jam tertentu akan sangat ramai dan sulit mendapatkan meja kecuali dibantu pramusaji.

Pilihan menunya beragam, mulai dari jajanan ringan sampai makanan berat. Minuman sehat pun tersedia. Harganya cenderung agak mahal namun jika ingin mendapatkan pengalaman pada indra kecap, tidak salah lagi untuk datang kemari.

Pelayanannya super ramah dan sat set. Tempatnya pun bersih. Untuk pembayaran bisa menggunakan tunai ataupun debit.",5,
45,Palms Resto & Cafe,Ronnie Qusya'i,Kereenn...bagi pecinta klasik Rock skrg sdh bisa langsung ke tempat ini setiap minggu..tempat nyaman dan cozy,5,
46,Palms Resto & Cafe,abdul azis,"Parkir luas, pemandu cantik2, room nya bersih, service oke...
Sound oke banget
Best karaoke jogja
@play.karaoke
Info & rsvd
081227066668",5,
47,Palms Resto & Cafe,Dhanas Bayu,Pelayanan oke. Mantapppl,5,
48,Palms Resto & Cafe,Sutriz dram om.Mahardhika,Manteeb ndangdutnya...,5,
49,Palms Resto & Cafe,Anissa Sasongko,Tempat bersih saund mantap dan pelayanannya ramah,5,
50,Warung Lawas,Ina Koesno,"Tempat nyaman... Lumayan buat selfie2 juga...
Makanan n minumannya jg enak2....harga standart lah...
Toilet bersih ğŸ‘
Pelayanan ramah dan cepat... Mungkin karena pas gak rame ....",5,
51,Warung Lawas,yb â€œGenzâ€,"Mencoba Sop Iga bakar, gurih, manis dimasak dgn dibakar dan ada sop utk pasangannya kuah...Harga sekelas cafe di hotel dan cukup mahal mnrku krn bukan hotel kelas atas ya...
Dan kopi latte yah kurang rekomended krn rasa kurang kuat kopinya dan cenderung plain..
Tp vibe enak,cozy, cocok buat ngobrol dgn teman atau pasangan.
Pesan menu sdh full digital cukup dengan Hp ordernya lebih baik lg bayarnya juga full digital..

Lebih baik makan disini pas malam hari krn penataan lampu dll cukup bagus",4,
52,Warung Lawas,Ayu Indhira,"Pelayanan lama dan tidak tanggap. Pesan nasi goreng selama 1,5 jam tidak kunjung keluar. Akhirnya saya refund. Fish and chip nya biasa saja. harga tidak sesuai dengan kualitas pelayanan.",1,
53,Warung Lawas,Ricky Y S,Asli masakanya enak mie godoknya enak. Baru kali ini makan mie godok enak. Pelayanan jg ramah dan cepat.,5,
54,Warung Lawas,Gadiz Jelita,"Sarapan random habis mengantarkan suami Diatas hotel adhistana prawirotaman. Hazelnut coffee nya pas pisang gorengnya ternyata toppingnya keju meises n coklat yang melimpah, porsi besar dan enak, pancakenya pas lembutnya  n tidak eneg.",5,
55,Atap Cafe & Resto,Aleandro Apriliantoro,,5,
56,ViaVia Jogja,inggrid yohana,"One of best artisan bakery, disini roti dan cookiesnya enak. Harganya juga affordable. Cobain yg croissant morinaganya ga terlalu manis trus Crunchy.
Ada parkir mobil dan motor didepan store mereka tapi ga luas. Lokasinya di kawasan prawirotaman sederetan Tempo Gelato.",5,
57,ViaVia Jogja,pandhu hadiwinata,"Via-Via ! Conecting Poeple.. ğŸ˜‚ğŸ¤£ğŸ‘Œ
.
Varian maemnya beragam, aku ke via-via pertama pas belum kerja bener, gaji masih 1juta sebulan.. terus janji kalau nanti suatu hari aku akan kembali jajan di Viavia, Allah warbiasa lho,, mendengarkan doaku.. heheheh selain bisa jajan di Viavia, aku juga bisa ikutan acara di rumah Ayam (ini masih milik Viavia). Makanan disini semakin beragam, aku kemarin kesana Nyobain Laksa.. duh gusti, MasyaAllah enaugh Banget !!!!! Kaldunya nendang bundaaa.. Oia acara di via-via dpt konsumsi nasi besek.. duh ya Allah ini endonesiah bgt yg rasanya enaugh tenan.ğŸ¥°ğŸ¥° yg seru kalau weekend ada live music, oiah ada Jamuu juga disini.. wedang Pokak dan Beras kencurnya. JUARAKğŸ˜ğŸ˜ğŸ˜",5,
58,ViaVia Jogja,agata vera,"Disini rotinya dibuat alami tanpa ragi sepertinya menurut dugaan sya lho ini ya, tapi tetap enak lagipula sehat, lokasinya ada di Prawirotaman mudah ditemukan. Saya tidak sengaja menemukan tempat ini kala sedang hunting foto. Banyak produk enak dan sehat yang dijual selain itu harganya affordable juga kok jadi aman di kantong. Healthy food memang setingkat naik harganya tapi bagi saya ini masih masuk akal. Ambience enak dan sejuk juga tempatnya.",4,
59,ViaVia Jogja,endah febrian,"Carrot Cake : kurang lembut. Cream cheese nya lumayan.

Beli 3 Cinnamon Roll: Ori, Apple, Choco. Gatau yg saya makan ori / apple, salah satu udah kemakan sama ponakan. Yg saya makan rasa diatasnya manis, terasa banget kayumanis nya & ada kismis. Saya lebih suka yg choco. Wew lebih lembut, rasanya lebih pas. Enak banget paduan choco + kayumanis ğŸ˜‹",4,
60,ViaVia Jogja,Anantia Prodora,Baru pertama kali kesini gegara deket rumah tapi sering lewat aja..akhirnya nyobain ke resto sama bakery nya..so far di resto menyediakan berbagai makanan western asian sama indo yaa..harga sekitar 50k an buat main course nya..kl varian minum nya juga beragam start 20k..disini setiap hari minggu malam ada live music nya juga..bakery nya sebelahan sama resto nya jd tinggal jalan kaki aja..harus nyoba cookies nya enak enak..harga nya start 11k yaa..boleh dicoba kl ke daerah prawirotaman mampir kesini,4,
61,Kala Jumpa,Fawwaz Muhammad,"Kalau salah tolong koreksi: ini kafe/resto punya hotel tapi buka buat umum juga.

Pelayanan dg harga ya tentu sesuai, baik sekali ğŸ‘Œ

Menunya variatif, tapi saya kemarin cuma pesan fruit platter karena hanya mampir. Meski variasi buah sedikit, tapi porsi dan kesegarannya bagus ğŸ‘

Utk tempatnya cenderung terbatas, tapi tentu nyaman dan ada stop kontak juga.

Jadi, kala jumpa menurut saya cocok utk makan/ngobrol sebentar, kurang cocok utk ""nongkrong"" ngobrol ngalor ngidul kaya di kafe-kafe yang kebanyakan isinya pemuda.",5,
62,Kala Jumpa,Mita Sholihati,"Cafe yang berada di Aveta Hotel jl.malioboro. Tempat ngopi dan juga salah satu rekomendasi buat kalian yang mengadakan buber.  Menunya sangat beragam. Ngga nyeselsih kalo buber disini. Dengan rasa, dan porsi yang lumayan buat beberapa orang sangat worth it.",4,
63,Kala Jumpa,nurul hidayah,Kecafe ini karena kita nginep dihotel aveta dan datang sblm jam check in jd kita makan siang disini...cafe ini tepat dijalan Malioboro satu gedung dengan hotel aveta...jd buat kalian yg di jl.malioboro ok juga mampir kesini...buat yg suka foto disini ok juga....utk foto2 insta bagus ternyata â¤ï¸â¤ï¸,5,
64,Kala Jumpa,H T.,"Tempatnya nyaman dan bersih.
Bakmi godok,sate ayam dan mie goreng jawa.
Dan kopinya mantaap.
Bisa buat nge beer juga loh",5,
65,Kala Jumpa,yo you,"Beli mie goreng pesennya nggak pedes, yg datang pedes. Beli jus melon pesennya nggak dingin, datengnya dingin. Beli nasi goreng dpt aham goreng, ayamnya masih merah begini.",1,
66,D'Coff Jogja,Momogi Momo,"Tempat nyaman. Cocok buat nyore karena menghadap barat dan ada sawah di depannya.
Harga standar.
Minuman enak.
Makanan enak.
Chicken Mozarella-nya agak kekeringan.
Steambot enak, termasuk murah. Cukup mengenyangkan. Kalau bisa memilih sawi (misal sawi sendok atau sawi putih atau sawi hijau) lebih bagus.
Sayang belum ada parkir mobil yang memadai. Kalau bisa parkir di lahan samping utara warung, lebih bagus.

Sukses terus ke depannya.. â­â­â­â­â­",5,
67,D'Coff Jogja,Ivan Soelarso,"Lokasi baru di Baciro.
Tempat nya etnik estetik, kecil tapi cozy.
Ngobrol asik di sini.
Akses kursi roda di halaman depan.
Minuman oke banget.
Menu banyak pilihan.",5,
68,D'Coff Jogja,daebak bali,"Cocok banget buat healinh, steamboatnya enak banget murah cuman 18 ribuaaan",5,
69,D'Coff Jogja,Staya Exciteda,"Tempatnya cozy, makanannya murah..
Cemilannya 9rbuan. Steamboatnya yg murah bgt, 20rb bisa rame2. Minumannya slain kopi variatif, bubble gum milk, duren milk, squash rasa buah 10rbuan
Paling enak ksini siy sore. Sunsetnya bagus buat foto2",5,
70,D'Coff Jogja,Fx Wisnu,Tempatnya enak buat kumpul-kumpul. Steamboat nya cuma 18k. Mantep banget.,5,
71,Legend Coffee,SANDRIENA,"Speechless dengan resto yang satu ini.

Dengan lokasi yang strategis, di tengah kota namun tetap tenang dan menyenangkan suasananya untuk menikmati sajian aneka menu yang endulitaahhh..

Harga yang dibayarkan sesuai dengan kualitas yang disajikan.

Area parkir yang cukup luas untuk R2, toilet yang bersih dan wangi, pelayanan yang ramah dan cekatan, menjadikan resto ini selalu ramai dan jadi pilihan yang asyik, baik untuk bersantai maupun acara pertemuan lainnya.

Area bersantap tersedia di  outdoor maupun indoor yang sejuk dengan dilengkapi WiFi yang menambah kenyamanan.

Sajian live music tersedia di hari tertentu mulai pukul 20.00 WIB.

So, apalagi yang membuat ragu?",5,
72,Legend Coffee,Wanda N.Y.,"Tempatnya nyaman banget, banyak pilihan tempat duduk. Mushola luas, toilet juga ada banyak. Seminggu 3x ada live musik mulai jam 8 malem, kalau gk salah harinya selasa, kamis, jumat. Wifinya juga lumayan banget. Sayangnya suara musiknya agak kenceng jdi kurang cocok kalau mau ada meeting atau kelas online gitu, harus bawa headset untuk kurangi efek suara.
Variasi makanan dan minuman juga banyak banget, harga standar dengan rasa yang lumayan.
Enak bangetlah ini caffe buat nongkrong atau buat2 kerja yang santai. Bakalan betah dri siang sampai sore.",5,
73,Legend Coffee,Vivi Lestari (vivi),"Harga makanan tergolong menengah ke atas dengan jenis makanan yang dijual. Saya pesan snack bowl, platter. Untuk snack bowl nya terbilang mahal sih dengan harga 30rb an. Di malam hari pesan roti panggang tapi lama akhirnga di take away, topping roti panggangnya pakai cokelat serut jadi mengeras kl ga panas. Saran untuk topping lebih baik pakai meses/cokelat ganache.",5,
74,Legend Coffee,Sirajudin Hasbi,"Kedai kopi yang tidak fokus pada minuman kopi. Melainkan keberagaman menu makanan maupun minuman. Sudah ada sejak lama dan ya sudah banyak yang berubah.

Atmosfirnya enak kalau di depan. Ya kalau ini preferensi senang di depan atau dalam atau di belakang ya.

Makanan dan minuman rasanya lumayan enak dengan harga yang tidak terlalu mahal. Masih cukup terjangkau.

Lokasi di pusat kota memudahkan untuk yang mau janjian dengan teman atau rekan kerja.",5,
75,Legend Coffee,Yustina Carolina F. Salsinha,"Tempat nongkrong plus temu kangen yang Jogja banget. Suka sama design yang indie tapi tetep classic. Menunya enak-enak banget. Buat brunch ato sekedar ngopi santai juga bisa banget. Ada live musicnya. Fasilitas indoor outdoornya kece. Toilet bersih, ada mushola, plus pelayanannya ramah. Bisa cashless juga. Parkir luas. Asik deh. Kalo ke Jogja jangan lupa mampir ke sini.",5,
76,Tujuan,Nora sanz,"Tempatnya ramai,  tetapi tidak sampai waiting list. begitu pesan beberapa menit pesanan langsung datang.
Makanan semua enak dari makanan berat sampai minuman. Dari berat sampai ringan
menunya macem macem dan harganya sesuai makanannya cukup sebanding dengan penyajian, pelayanan dan kualitasnya.
Ruang indoor berAC untuk No Smoking area yg comfortable, outdoor beratap kaca yang tidak kalah comfortablenya dari ruang indoor untuk Smoking area.
Parkiran mobil sangat luas sekali.
Banyak spot foto yang oke punya.
Seperti rumah sendiri banyak tanaman yang membuat aesthetic tempat ini. Interiornya unik. Wifi lancar
Pelayanan ramah dari bar dan server.
Cafe paling nyaman buat ngobrol, reuni, ataupun kerja.",5,
77,Tujuan,Laki Bini,"Salah satu cafe rekomen di Jogja dengan parkiran luas dan interior yang estetik dan nyaman. Furniturenya juga bisa dijadiin inspirasi buat hunian rumah.

Pelayanan ramah pula disini, sayang belum sempet cobain pastry-nya. Jangan lupa buat foto-foto di bagian outdoornya yang iconic. Untuk kopinya best!",5,
78,Tujuan,dewi rahmawati,"Main ke sini beberapa bulan lalu. Tempatnya menarik dan cukup luas. Parkiranny juga memadai. Menu kopiny enak, sayang menu makananny kurang banyak pilihan, dan pembayaran hanya bisa cash pada saat itu.
Salah satu alasan main k tujuan krn masih wfh dan pengen cari suasana baru. Tiba-tiba hujan deras dan listrik mati, padahal 20 menit lagi harus presentasi. Mgkn bisa dipertimbangkan untuk pasang genset.",4,
79,Tujuan,ovi kartika,"Sama seperti kafe pada umumnya, cozy tempatnya, tenang buat kerja dan belajar. Banyak pilihan makannya dari Indonesia sama western food.
Harga medium (gak murah tapi ga terlalu mahal juga) untuk sesekali nongkrong oke banget.
Lokasi nya strategis di jalan Tirtodipuran, bakal gampang banget nemuinnya.
Parkir luas sekali jadi tenang bagi rombongan yang bawa mobil elf.",4,
80,Tujuan,Natalie Adez,"Jujurly review cafe ini bner2 oke banget!! T4 nya luas.. bagus.. bnyak spot2 foto keren.. makanan dan minuman nya enak semua, bisa banget buat aktivitas kamu yg lagi pngen healing2 gtuu giys..",5,
81,Made Cafe,suba21shop suba21shop,"Cobain mendoannya pas lagi panas ditemanin minuman ""anget""",5,
82,Made Cafe,Novi Adianingrum,"Tempat yang asyik buat nongki"" bareng teman...makanan yg disajikan juga maknyusss enak coyyy!!! Apalagi Chicken G.B nya....",5,
83,Made Cafe,Dany Rachman,Live musiknya keren2 yg main di sana.,5,
84,Made Cafe,Richard Hutagalung75,Tempat nya luas.. minuman byk pilihan. Live musik nya juga oke.. jgn lupa main ke sini kalo ke jogja ya,5,
85,Made Cafe,Melinda Indini,"Kupikir dulu mahal, hihi ternyata ga. Ownernya juga ramah banget. Dulu ada life musicnya dan oke punyaâ€¦ semoga kondisi lekas membaik ya",5,
86,Swiss Cafe,Abian Husain,"Three words saya melihat makanan tersebut Comfort, Hygiene and their staff are kind and Helpfull too. Pertama kali staycation di swissbell balikpapan breakfast banyak pilihan, menunya enak semua, its the best experience for me. Thank you ğŸ™ğŸ˜‡",5,
87,Swiss Cafe,afif ibrahim,"Makanan di restaurant ini paling  enak dahh,pelayanannya juga bagus..dan banyak sekali pilihan makannya,saat disana saya paling suka dengan bebek goreng sudirmannya,rasanyaa mantaappp sekali..dan saat breakfast paling disukai bakmi goreng jawaa..semoga semakinn keren deh swisscafe..",5,
88,Swiss Cafe,Deddy Trianto,"Pelayanan sangat kurang, keramahan apalagi tamu dibiarkan dengan piring kotor diatas meja, rata2 petugas disini cuek bebek dan kurang menampakkan keramahan saya heran satu tahun sebelumnya datang masih juga merasakan atmospere yg sama direstaurant ini ....",3,
89,Swiss Cafe,Nieyfha Honeyfha,"Tempat menginap tang recomendded bh buat keluarga nyaman bersih pelayanan okeeeee
Next time bakal balik kesini lg",5,
90,Swiss Cafe,esti amy,"Pelayanan baikk,makanann variatif dan menarik,tempat nyaa nyamann. Recomended dehh kalo kaliann mo liburan ke jogja..",5,
91,RT Cafe,Faiqah Nur Fajri,"Cafenya strategis di deket alun alun kidul (kalo jalan kaki deket bangett). Tempatnya nggak terlalu luas tapi suasananya nyaman, lagu yang di puter ga berisik & ada wifi yg cepet. Cocok banget buat nugas maupun ngobrol santai bareng temen.

Kemarin waktu kesini pas hari jumat, ada jumat berkah. Beli 1 gratis 1 mie + es teh (mienya mirip mie gacoan gituuu). Belum nyoba kopi, karena kemarin belinya udah ada minum, jadi beli jajannya aja hehe. Tahu tunanya enakk! Oiya, kalau dilihat dari harga kopinya, termasuk standar (secara cafenya di deket tempat wisata). Btw mas mas baristanya ramah banget!ğŸ’ğŸ»â€â™€ï¸

Oiya bisa parkir di depan cafe, bayarnya 2000. Tukang parkirnya ramah & bantuin sampe mau nyebrang.",5,
92,RT Cafe,Aisya Tunnisai,Cafenya terletak strategis dekat alun-alun selatan. Ke sana jam 12 siang sepi dan kondusif untuk work from cafe. WiFi bisa untuk streaming netflix. Kemaren pesan jus buah naga. Esnya ikut diblend jadi lembut.,4,
93,RT Cafe,Ayudia Hafara,"Meskipun gak luas, tapi kafenya nyaman banget buat ngobrol sama temen maupun kerja sendiri. Harga-harganya juga masih cukup affordable. Ada mushola mininya. Pas ke sana lagi ada diskon makan+minumnya tapi sayangnya abis makan jadi gak beli deh. Mas barista + kasirnya ramah sekaliiiğŸ™Œ",5,
94,RT Cafe,Afusa Nidya Kinasih,"Makanannya enak2, banyak variant makanan beratnya dari pada cafe lain. Chefnya selebtok no play2 lah pokoknya wkwk. Wifinya kenceng, nyaman bgt buat nugas. Semoga tempatnya bisa digedein ya ğŸ‘ğŸ»",5,
95,RT Cafe,Gabriel Firmansyah,"Betah banget di siniii, ga kerasa dari jam 2 tiba tiba udah mau maghrib aja ğŸ˜… Cocok buat nugas atau ngedit, saya pesan Spaghetti Creamy dan Mocha nya, enaak.",5,
